,,,,,Week,,,,,,,,,,,,,,,,,,,
Ranking,Year,Player,Pos,Team,1,2,3,4,5,6,7,8,9,10,11,12,13,14,15,16,17,AVG,TTL,
1,2020,Josh Allen,QB,BUF,28.2,34.5,32.2,25.4,18.3,16.1,16.4,13.5,36,29.4,BYE,16.5,30.1,19.3,37.7,32.3,20.3,25.4,406.1,2
2,2020,Kyler Murray,QB,ARI,27.3,33.1,24.7,23.1,27.3,28.9,38.1,BYE,37.9,30.9,20.3,8.9,17.4,18.5,34.1,16.4,3.8,24.4,390.7,3
3,2020,Aaron Rodgers,QB,NYJ,30.8,19.2,24.5,29.6,-,5.8,27.3,22.5,28.9,26.4,22.7,25.6,23.5,30.9,18.3,26.1,26,24.3,388.3,4
4,2020,Patrick Mahomes II,QB,KC,20.4,27.5,40,20.2,30.7,20.6,12,36.6,31.5,BYE,22.5,31.3,19.3,21.6,25.9,20.2,-,25.4,380.4,5
5,2020,Alvin Kamara,RB,NO,23.7,38.4,44.7,20.9,19.9,BYE,22.8,25.3,15.9,34.8,10.5,6.2,17.7,22.4,18.4,56.2,-,25.2,377.8,6
6,2020,Deshaun Watson,QB,CLE,21.8,15.7,18.1,20.9,26.9,32,24.2,-,24.2,14.1,31.4,33.1,20.4,16.6,23.4,26.8,26.8,23.5,376.3,7
7,2020,Russell Wilson,QB,DEN,31.8,34.4,36.8,21.9,25.5,-,32.9,28.7,24.1,11.9,20.1,14.4,16,23.1,13,19.9,18.1,23.3,372.8,8
8,2020,Davante Adams,WR,LV,41.6,6.6,-,-,-,12.1,44.6,30.3,33.3,18.6,23.6,18.1,34.1,24.5,11.2,43.2,16.6,25.6,358.4,9
9,2020,Ryan Tannehill,QB,TEN,19.4,26.8,13.7,BYE,30,29.6,17.3,18.3,14.6,10.8,22.9,19.1,28.6,16.5,37,18.3,28.4,22,351.4,10
10,2020,Tom Brady,QB,FA,22.5,9.7,23.9,33.5,14.1,14.6,36.9,19.1,5.4,31.8,14.6,23.7,-,15.6,23.4,29.9,31.3,21.9,349.9,11
11,2020,Justin Herbert,QB,LAC,-,23.2,15.7,24,27.4,BYE,38.5,23.2,23.4,21.5,27.7,17.4,6.4,16.7,28,16.7,33,22.9,342.8,12
12,2020,Lamar Jackson,QB,BAL,27.5,17.6,14.2,26,14.5,28.2,BYE,16.8,18.6,22.5,17.5,-,26.7,34.9,30.2,21.3,25.2,22.8,341.8,13
13,2020,Dalvin Cook,RB,MIN,21.8,17.1,25.9,28.6,19.9,-,BYE,48.6,39.2,15.2,25,10.2,23.9,19,26.9,16.5,-,24.1,337.8,14
14,2020,Derrick Henry,RB,TEN,16.1,8.4,27,BYE,19.3,40.4,15.2,17.2,6.8,11.9,20.2,38.5,5.9,36.2,25.2,9.8,35,20.8,333.1,15
15,2020,Tyreek Hill,WR,MIA,15.6,21.8,21.2,16.4,18.3,5.5,17.5,25.8,33.1,-,27,57.9,14.8,26.1,17.4,10.5,-,21.9,328.9,16
16,2020,Stefon Diggs,WR,BUF,16.6,29.3,14.9,17.5,20.6,16.6,10.8,15.2,20.8,25.3,BYE,10.9,19.2,29.1,25.7,41.5,14.6,20.5,328.6,17
17,2020,Kirk Cousins,QB,MIN,22.8,1.5,21.4,14.9,15.2,26.7,BYE,10.4,20.8,18.6,23,26.2,22.4,17.1,20.3,23.6,34.3,20,319.2,18
18,2020,Travis Kelce,TE,KC,17,24,14.7,10,24.8,21.5,6.1,24.9,25.9,BYE,26.9,16.2,27.6,27.6,22.8,22.8,-,20.9,312.8,19
19,2020,Matt Ryan,QB,FA,24.9,28.5,12.4,12.4,7.9,31.6,17.5,18.9,23.4,-,7.3,14.9,12.9,10.3,27.8,19.9,22.7,18.3,293.4,20
20,2020,DeAndre Hopkins,WR,FA,29.1,20.8,23.7,11.1,25.1,9.3,24.3,-,6,25.7,10.1,10.5,19.2,22.6,30,12.8,7.5,18,287.8,21
21,2020,Calvin Ridley,WR,JAC,33.9,29.9,16.7,0,21.6,18.9,19.9,7.2,-,-,14,17,15.8,26.4,32.3,17.3,10.6,18.8,281.5,22
22,2020,Derek Carr,QB,NO,13.6,21.7,15.4,20.4,25,BYE,20.3,12.5,14,7.2,22.6,1.6,32.7,25.8,2.1,23.2,22.9,17.6,281.1,23
23,2020,Darren Waller,TE,NYG,10.5,28.5,2.9,15.8,15.8,-,17,7.7,13.2,6.7,21.8,6.3,45,14.5,30,16.2,26.7,17.4,278.6,24
24,2020,Ben Roethlisberger,QB,FA,22.1,19.2,19.2,-,21.4,11,15.6,15.3,25,29.3,17.7,13.5,19.2,15.5,7.7,25.5,-,18.5,277.2,25
25,2020,Justin Jefferson,WR,MIN,4.6,7.4,30.5,14.3,5.3,39.6,BYE,5.6,9.4,21.5,17.6,26,27.3,9.9,18.4,14.5,22.3,17.1,274.2,26
26,2020,DK Metcalf,WR,SEA,19.5,19.2,19,14.6,27.3,BYE,4.3,40.1,23.8,4.8,13.6,27.7,13,18.1,9.3,11.9,5.1,17,271.3,27
27,2020,Cam Newton,QB,FA,25.7,35.6,12.2,-,-,20.5,2.8,18.4,24.6,16.8,19.2,6,23.6,5.4,12.2,9.8,38.5,18.1,271,28
28,2020,Matthew Stafford,QB,LAR,17.2,17.2,18.5,23.3,-,13.3,18.4,23.4,10.4,23,7.6,17.1,27.1,14.4,15.3,0.7,23.6,16.9,270.6,29
29,2020,Tyler Lockett,WR,SEA,17.2,19.7,37,5.9,8.4,BYE,53,7.3,8,11.6,21.7,5.3,12.3,10.2,7.4,7.4,33,16.6,265.4,30
30,2020,David Montgomery,RB,DET,8.4,21.7,7.4,10.7,18.9,13.7,11.9,12.5,5.2,-,-,25.3,27.1,24.5,29.2,20.1,28.2,17.7,264.8,31
31,2020,Allen Robinson II,WR,PIT,12.3,6.3,28.3,23.1,19,10.3,11,20.7,15.1,10.3,-,27.4,13.5,27.3,12.3,20.3,5.7,16.4,262.9,32
32,2020,Aaron Jones,RB,GB,17.6,45.6,16.6,22.1,BYE,13.1,-,-,12.9,14.5,17.1,10,23.8,9.5,24.8,12.8,18.5,18.5,258.9,33
33,2020,Baker Mayfield,QB,TB,10.9,16.3,14.3,15.2,17.6,7.3,30.8,7.8,-,5.4,7.1,18.4,29.5,31,21,8,16.2,16,256.6,34
34,2020,Adam Thielen,WR,CAR,31,6.1,12.3,26.2,29.3,14.1,-,5.7,5.8,20.3,32.3,-,21.5,6.9,9.1,23.7,9.7,16.9,254,35
35,2020,Jared Goff,QB,DET,11.5,24,28.2,11.7,25.4,15.9,16.9,12.2,-,10.5,25,5,24.1,15.6,16.3,10.7,-,16.9,253,36
36,2020,Jonathan Taylor,RB,IND,14.9,19,13.2,8.9,15.4,15.5,BYE,5.1,9.4,5.7,15.4,-,22.5,30.5,19.5,19.4,38.4,16.9,252.8,37
37,2020,Teddy Bridgewater,QB,FA,19.4,10.7,14.6,27.2,20.8,11.4,19.2,13,28.3,20,-,14.9,-,20.4,16.9,9.6,5.7,16.8,252.2,38
38,2020,Philip Rivers,QB,FA,16.8,11.9,12.7,11.2,7.6,25.7,-,22.3,8.1,16.3,22.4,18.8,19.2,17.8,17,11.8,11.4,15.7,251,39
39,2020,James Robinson,RB,NE,10,21,30.9,14.7,10,15.3,31.7,-,15.9,13.2,11.4,26.9,22.8,12.3,14.3,-,-,17.9,250.4,40
40,2020,Mike Evans,WR,TB,7.2,23.4,14.2,25.2,15.1,2,5.7,16.5,10.4,19.7,15.9,20,BYE,8.6,17,40.1,7.6,15.5,248.6,41
41,2020,A.J. Brown,WR,PHI,8.9,-,-,-,21.2,22.8,27.3,12.4,20.1,3.1,16.2,25.8,10.7,24.2,15.4,8.3,31.1,17.7,247.5,42
42,2020,Keenan Allen,WR,LAC,7.7,16.6,30.2,14.2,10.9,BYE,22.5,21.7,25.3,12.9,34.5,16,9.8,20.2,2.6,-,-,17.5,245.1,42
42,2020,Robert Woods,WR,HOU,17.9,11.3,21.4,9.8,17.1,14,5.5,28.4,-,8.6,30.6,15.8,18.5,8.1,21.6,8.9,7.6,15.3,245.1,44
44,2020,Amari Cooper,WR,CLE,18.1,16,17.6,33.4,4.1,20.9,15.5,1.5,12.5,-,14.1,23.2,16.3,15.1,2.3,16.1,10.1,14.8,236.8,45
45,2020,JuJu Smith-Schuster,WR,NE,24.9,11.8,16.3,-,6.8,2.6,17.5,13.7,21.3,22.7,5.9,17.7,9.8,17.5,2.5,24.6,18.5,14.6,234.1,46
46,2020,Brandin Cooks,WR,DAL,4,14.5,5.3,0,30.1,21.8,13,-,17.3,9.9,12.5,13.5,11.5,-,11.9,27.1,39.6,15.5,232,47
47,2020,Josh Jacobs,RB,LV,35.9,13.5,9.3,10.3,22.5,BYE,6.1,12.9,13.8,29.6,13.4,5.4,-,10.4,20.4,6.9,20.9,15.4,231.3,48
48,2020,Marvin Jones Jr.,WR,DET,9.5,12.3,8.1,1.9,BYE,2.8,13,18.9,13.3,23.6,9.1,10.8,25.6,8.8,27.2,4.9,38,14.2,227.8,49
49,2020,Chosen Anderson,WR,MIA,25.4,17.9,10.5,17.9,19.5,11.7,13.4,9.8,15.3,6.1,11.6,19.4,-,17.7,4,16.9,7,14,224.1,50
50,2020,Terry McLaurin,WR,WAS,11.1,25.5,12.6,21.8,5.6,14.4,22,BYE,24.5,17.2,13.4,16.2,3.4,4.4,14.7,-,17,14.9,223.8,51
51,2020,Ezekiel Elliott,RB,FA,27.7,22.2,17.8,20.5,23.5,12,6.1,8.3,8.9,-,19.4,2.9,13.5,7.9,-,17.9,15.1,14.9,223.7,52
52,2020,Diontae Johnson,WR,PIT,9.7,23.2,0.9,BYE,0.8,-,29,1.6,14.1,23.6,23.1,12.6,21.1,8,19.9,21.6,12.6,14.8,221.8,53
53,2020,Kareem Hunt,RB,FA,12.1,24.1,14.4,19.1,18.3,7.7,19.2,9.3,-,16.2,9.1,6.2,8.7,29,5.8,14.2,5.1,13.7,218.5,54
54,2020,CeeDee Lamb,WR,DAL,10.9,17.5,11.6,25.2,20.4,13.4,0.1,8.6,15.1,BYE,16.6,7.1,10.6,8.1,19.5,23.4,9.6,13.6,217.7,55
55,2020,Drew Brees,QB,FA,14.4,15.5,23.5,16.5,22.1,-,23.7,19.6,22.7,6.9,-,-,-,-,20.4,10.1,20,18,215.5,56
56,2020,Chase Claypool,WR,CHI,6.7,17.8,3.4,-,42.6,18.1,0.8,13.2,15.3,21.3,15.9,11.2,5.8,4.5,7.8,9.4,21.1,13.4,214.9,57
57,2020,Carson Wentz,QB,FA,15,14.4,23.5,22.4,19.4,29.4,28.8,10.6,-,8.7,16.4,19.8,5,-,-,-,-,17.8,213.4,58
58,2020,Curtis Samuel,WR,WAS,9.3,5.9,9.2,7.8,11.4,-,17.3,21.4,26.8,4.2,21.4,12.7,-,16,8.8,20.8,19.1,14.1,212.1,59
59,2020,DJ Moore,WR,CHI,9.4,20,8.5,8.9,19.3,14.3,25.3,7.5,3.8,19.6,21.8,10.1,-,-,19.2,8.7,15.1,14.1,211.5,60
60,2020,Cooper Kupp,WR,LAR,8,13,25.7,17.7,11.6,4.1,11.9,22,BYE,10,25.5,6.1,15.3,14.3,8.9,14.6,-,13.9,208.7,61
61,2020,Nick Chubb,RB,CLE,5.6,26.3,24,4.3,-,-,-,-,BYE,18.6,11.4,26.6,17.6,24.3,14.6,17.6,16.8,17.3,207.7,62
62,2020,Cole Beasley,WR,FA,9.8,12,16,12.2,11.3,14.5,22.2,4.4,6.9,27.9,-,9.3,28,9.1,19.2,4.7,-,13.8,207.5,63
63,2020,Mike Davis,RB,FA,0,15.5,23.1,22.1,29.9,11.5,8.6,8.7,8.7,8.4,15.9,10.9,-,26.3,8.1,8.8,-,13.8,206.5,64
64,2020,Antonio Gibson,RB,WAS,6.4,12.2,13,22.8,10.1,9.5,18.8,BYE,12.5,22.5,17.4,36.6,1.4,-,-,9.9,9.1,14.4,202.2,65
65,2020,Melvin Gordon III,RB,FA,15.6,16.4,7.8,25.8,-,-,12,10.7,3.7,4.6,18.4,3.1,15.2,12.1,24.1,7.9,21,13.2,198.4,66
66,2020,Drew Lock,QB,SEA,13.1,-1.2,-,-,-,5.5,15,20.8,30.2,11,12.1,-,12.9,25.6,11,16.1,24.3,15.1,196.3,67
67,2020,Tee Higgins,WR,CIN,0,6.5,21,13,10.2,18.7,18.8,14.4,BYE,22.5,5.6,15.4,10.6,9.9,6.1,21.9,0,12.2,194.6,68
68,2020,Nyheim Hines,RB,BUF,27.3,1.4,10.1,6.2,5,7.7,-,21.2,5.8,28.5,8.3,17.5,12.2,11.5,7.4,10.4,12.7,12.1,193.2,69
69,2020,Tyler Boyd,WR,CIN,7.3,20.2,22.5,16.4,8.2,12.9,27.7,19.6,BYE,10.1,17.5,4.5,14.2,9.3,0,-,2.2,12.8,192.6,70
70,2020,Kenyan Drake,RB,FA,14.5,11.5,8.9,3.5,13.2,28.4,5.1,-,-,9.9,16,24.3,13.8,16,6,13,8.1,12.8,192.2,71
71,2020,Corey Davis,WR,NYJ,17.1,12.6,11.9,-,-,-,15.5,26.8,0,11.7,16.3,10,35.2,4.4,21,0,8.9,13.7,191.4,71
71,2020,J.D. McKissic,RB,FA,0.9,5.3,8.2,9.6,10.9,14.4,7.1,-,17.2,17.9,9.9,4.7,17.8,10.6,25.7,23.2,8,12,191.4,73
73,2020,Chris Godwin,WR,TB,13.9,-,17.4,-,-,9.8,23.8,-,7.1,15.2,18.3,17.7,BYE,4.5,13.6,19.4,30.3,15.9,191,74
74,2020,Daniel Jones,QB,NYG,19.4,8.7,9.1,11.1,8.2,14.9,21.7,18.2,12.9,22.2,BYE,10.4,-,3.1,-,14.4,15.9,13.6,190,75
75,2020,D'Andre Swift,RB,PHI,11.3,12.2,2.9,15.2,-,27.3,14.8,5.3,12.7,25.9,-,-,-,15,22.2,9,16,14.6,189.8,76
76,2020,William Fuller V,WR,FA,19.2,0,15.4,22.8,15.8,24.3,12.5,-,21,8.8,14,35.1,-,-,-,-,-,17.2,188.9,77
77,2020,Jarvis Landry,WR,FA,11.1,7.6,7.6,15.3,12.8,7,11,9.2,-,5.9,4.6,28.3,20.4,11.7,19.1,-,16.4,12.5,188,78
78,2020,Chris Carson,RB,FA,24.6,19.8,10.6,25,19.9,-,5.1,-,-,-,-,13.9,20,18.8,8.9,10.9,10.3,15.7,187.8,79
79,2020,Ronald Jones II,RB,DAL,10.2,10.7,9.3,18.8,15.5,26.1,10.6,6.6,4.8,24.8,2.4,17.3,-,15.4,-,-,13.8,13.3,186.3,80
80,2020,Nelson Agholor,WR,BAL,9.3,2.9,5.2,14.4,14.7,-,21.7,0,13.5,1.8,20.8,10.4,7.8,21,8.9,26.5,6.7,11.6,185.6,81
81,2020,Brandon Aiyuk,WR,SF,-,4.1,21.1,13.6,7.4,9.2,17.5,23.1,-,19.7,BYE,-,20.5,21.9,22.3,4.1,-,15.4,184.5,82
82,2020,Marquise Brown,WR,ARI,15.1,9.2,3.3,12.6,19.8,9.7,-,7.3,6.8,3.4,0,18.5,14.9,13,15.8,12.5,21.1,11.4,183,83
83,2020,Russell Gage,WR,TB,20.4,16.6,4.6,4,3.6,10.5,11.4,4.5,3.1,-,12.8,6.4,15.1,18.8,17.8,6.3,25.2,11.3,181.1,84
84,2020,David Johnson,RB,FA,19.9,7,12.6,11.2,12.3,13.9,16.4,-,1.6,-,-,-,10.4,-,24.3,28.9,21,15,179.5,85
85,2020,Joe Burrow,QB,CIN,17.3,24.5,20.4,16.1,5.3,17.7,34.6,18.9,BYE,12.5,11.3,-,-,-,-,-,-,17.9,178.7,86
86,2020,Logan Thomas,TE,WAS,13.7,6.6,7.1,1.8,1.4,13.2,16,BYE,5.8,10.6,2.8,13.4,24.8,10.3,23.1,13.3,12.7,11,176.6,86
86,2020,Robert Tonyan,TE,CHI,0,10.5,16,33.8,-,5.5,5.2,12.9,1.5,6.3,15.4,17.7,13.9,14.6,10.8,2.7,9.8,11,176.6,88
88,2020,Clyde Edwards-Helaire,RB,KC,19.8,13,18.4,12.1,11,20.9,13.3,6.1,12.4,BYE,20.7,4.9,-,14.1,9.3,-,-,13.5,176,89
89,2020,T.J. Hockenson,TE,MIN,16.6,10.2,9.3,10.9,-,9.7,16.9,13.5,14.9,3.3,10.8,13.9,15.4,16.3,1.8,6.3,5.5,11,175.3,90
90,2020,Michael Gallup,WR,DAL,8,7.8,25.8,4.9,11.3,4.3,0,13.1,6.6,BYE,4.9,10.1,21.6,4.3,11.6,30.1,8.9,10.8,173.3,91
91,2020,Jamison Crowder,WR,NYG,24.5,-,-,17.4,25.6,11.8,-,-,10.6,-,2.6,6.1,21.7,2.7,12.6,29.3,7.1,14.3,172,91
91,2020,Jason Sanders,K,MIA,4,11,7,18,22,6,BYE,4,14,14,10,12,14,10,2,15,9,10.8,172,93
93,2020,Miles Sanders,RB,CAR,-,20.1,14.7,9.6,23.9,12.2,-,-,-,13.5,9.1,6.2,3.1,29.6,10,18.4,-,14.2,170.4,94
94,2020,Mark Andrews,TE,BAL,22.8,3.9,5.2,20.7,17.6,4.1,BYE,6.2,5.2,13.1,20.6,-,-,12.8,17.6,13.6,6.7,12.2,170.1,95
95,2020,J.K. Dobbins,RB,BAL,14.2,7.1,8.4,2.7,8.5,4.9,BYE,13.1,5.5,2.4,18.5,-,13.1,13.3,15.1,13.7,28,11.2,168.5,96
96,2020,Chase Edmonds,RB,TB,13.5,4.3,5.4,15,20.2,3.9,21.5,-,11.8,10.7,14.9,8.3,6.3,9.3,15.6,2.8,4.5,10.5,168,96
96,2020,Younghoe Koo,K,ATL,9,17,8,-,13,20,2,13,12,BYE,13,21,12,6,11,2,9,11.2,168,98
98,2020,DeVante Parker,WR,NE,8.7,16.3,11.9,21,13,6.5,-,7.3,12.4,5.1,18.1,19.9,7.5,0,-,-,18.6,11.9,166.3,99
99,2020,Gardner Minshew II,QB,IND,20.8,25.5,10.2,21.9,19.8,19.1,19,-,-,-,-,-,-,13.3,15.9,-,-,18.4,165.7,100
100,2020,Austin Ekeler,RB,LAC,9.7,18.8,31.3,2.4,-,BYE,-,-,-,-,-,23.9,10.8,23.6,11.9,15.8,17.1,16.5,165.3,101
101,2020,Emmanuel Sanders,WR,FA,10.5,2.8,15.6,15.3,24.2,-,-,-,13.8,1.5,10.6,1.4,8.9,13.8,11.6,13.5,21.3,11.8,164.8,102
102,2020,James Conner,RB,ARI,3.7,20.1,24.9,-,15.3,17.2,14.1,15,4,6.8,12.9,-,-,1.8,-,17.6,11.2,12.7,164.6,103
103,2020,T.Y. Hilton,WR,FA,9.3,5.8,8.2,5.9,12.9,2.1,-,2.9,-,8,6.6,18.1,25,25.6,11.1,9,13.7,10.9,164.2,103
103,2020,Myles Gaskin,RB,MIA,10.6,14.2,14.5,9.2,20.1,16.6,BYE,13.3,-,-,-,-,14.1,-,-,33.9,17.7,16.4,164.2,105
105,2020,Todd Gurley II,RB,FA,13.7,6.1,15.2,19.3,25,9.7,22.2,10.6,13.5,-,3.9,-,3,5.1,3.4,8,4.5,10.9,163.2,106
106,2020,Sterling Shepard,WR,NYG,10.7,5.5,-,-,-,-,17.9,15.4,11.7,10.7,BYE,13.8,5.2,6.5,8.8,22.7,33.6,13.5,162.5,107
107,2020,Ryan Fitzpatrick,QB,FA,8.4,24.3,25.2,23.3,27.6,18,-,-,-,-,4.3,19.3,-,0,-,11.3,-,16.2,161.7,107
107,2020,Mitch Trubisky,QB,PIT,24.3,15.2,12.6,BYE,-,-,-,0.3,-,-,-,20.7,13.3,25,14.5,24.6,11.3,16.2,161.7,109
109,2020,Tim Patrick,WR,DEN,6.9,4.4,14.3,23.3,BYE,14.1,7.4,-,12.9,10.1,16.9,0,20.4,12.6,4.4,6.9,6.6,10.7,161.2,110
110,2020,Mike Gesicki,TE,NE,6,27,8.5,2.5,14.1,0,-,1.8,7.2,6,8.3,11.5,23.8,23.5,-,9.4,9.7,10.6,159.3,111
111,2020,Taysom Hill,TE,NO,5.2,0.8,-0.3,2.4,7.3,BYE,0.6,14.5,10.4,2.5,24.2,18.5,23.6,19.9,6.3,11,11.6,9.9,158.6,112
112,2020,Giovani Bernard,RB,FA,6.8,7.5,8.5,1.9,1.4,11.8,20.6,22.8,-,8.7,9.5,6.9,4.9,3.3,22.7,20.1,0.7,9.9,158.1,113
113,2020,Jerry Jeudy,WR,DEN,9.6,10.2,10.5,14.1,BYE,5.2,4,11.3,25.5,10.8,6.7,0,1.5,6.2,2.9,12.1,27,9.9,157.6,114
114,2020,Laviska Shenault Jr.,WR,CAR,13.7,10.2,8.4,14.1,14.9,4.1,7.4,-,0.9,-,-,6.7,15.8,11.1,9.4,15.8,24.6,11.2,157.1,115
115,2020,Tyler Bass,K,BUF,9,7,5,6,5,6,23,6,15,18,BYE,11,10,8,12,8,8,9.8,157,116
116,2020,Keelan Cole Sr.,WR,LV,15.7,17.8,8.3,8.6,10.7,20.3,2.2,-,1.6,21.7,4.6,7.4,1.7,19.7,4.2,5.6,5.3,9.7,155.4,117
117,2020,Daniel Carlson,K,LV,12,12,8,13,11,BYE,9,10,7,15,7,6,8,9,9,13,6,9.7,155,118
118,2020,Mike Williams,WR,LAC,10.9,3.4,2.7,-,27.9,BYE,1.4,21,13.1,5.8,17.2,5.6,8.3,0,4.2,9.4,22.8,10.2,153.7,119
119,2020,DJ Chark Jr.,WR,CAR,11.5,12.4,-,29.5,4.6,11.5,3.6,-,27.6,9.6,8.1,-,6.1,3.6,9.3,16.2,-,11.8,153.6,120
120,2020,Greg Zuerlein,K,NYJ,5,11,9,2,14,4,4,13,15,BYE,5,10,5,14,13,13,16,9.6,153,121
121,2020,Darnell Mooney,WR,CHI,6.8,12.6,3.9,9.9,3.5,6.6,7,17.9,9.3,2.3,BYE,8.4,8.3,10.7,16.5,8.1,20.3,9.5,152.1,122
122,2020,Los Angeles Rams,DST,LAR,4,7,4,11,12,0,15,5,BYE,13,5,15,11,21,2,6,20,9.4,151,123
123,2020,Rodrigo Blankenship,K,FA,8,15,12,14,11,8,-,3,5,11,15,2,7,14,11,6,8,9.4,150,124
124,2020,Rob Gronkowski,TE,FA,3.1,0,10.8,3.9,8.2,18.8,17.2,14.1,1.2,13.1,4.5,16.6,-,7.2,5.9,19.8,4.9,9.3,149.3,124
124,2020,Noah Fant,TE,SEA,19.1,17.7,9.6,8.5,-,BYE,6.8,11.7,7.5,4.8,9.5,2.3,9.7,0,20.8,12.5,8.8,10,149.3,126
126,2020,Hayden Hurst,TE,CAR,6.8,18.2,7.1,9.1,2.8,15.7,12.8,10.4,13.2,-,0,8.8,1.9,1.7,12.1,15.7,12.8,9.3,149.1,127
127,2020,Pittsburgh Steelers,DST,PIT,8,13,7,BYE,8,18,2,18,7,12,17,14,3,6,2,9,4,9.3,148,128
128,2020,Dalton Schultz,TE,HOU,2.1,21.8,8.8,17.2,1.6,7.5,4.2,11.3,8.8,-,12.5,7.4,8.4,6.4,9.4,5.1,14,9.2,146.5,129
129,2020,Christian Kirk,WR,JAC,1,8,-,10.9,12.8,22.6,20.7,BYE,23.3,6.7,9,4.9,1.2,4.4,6.3,14.6,-,10.5,146.4,130
130,2020,Julio Jones,WR,FA,24.7,4.4,-,7.2,-,33.7,17.7,20.7,16.4,-,5.9,-,15.4,-,-,-,-,16.2,146.1,131
131,2020,Hunter Henry,TE,NE,12.3,14.3,10,5.9,12.3,-,5.3,7.3,7.3,13,14.8,13.7,1.5,10.1,17.5,-,-,10.4,145.3,132
132,2020,Sam Darnold,QB,SF,12.2,11.9,9.7,23.6,-,-,2.8,7.4,-,-,BYE,6.8,21,5.6,14.1,17,12.9,12.1,145,132
132,2020,Ryan Succop,K,FA,5,7,9,8,14,10,9,15,4,17,6,6,-,9,7,5,14,9.1,145,132
132,2020,Justin Tucker,K,BAL,9,16,9,8,10,16,BYE,8,7,5,10,2,10,9,9,9,8,9.1,145,132
132,2020,Indianapolis Colts,DST,IND,4,15,26,7,11,4,BYE,15,5,10,8,-3,12,12,10,0,9,9.1,145,136
136,2020,Andy Dalton,QB,CAR,-,0,-,-,2.4,13,3.6,-,-,-,20.3,13.3,18.6,15.3,17.2,27.6,13.6,13.2,144.9,137
137,2020,Jimmy Graham,TE,FA,11.5,2.8,24,7.3,12.3,8.4,8.1,3.3,17.5,0,-,6.2,0,12.3,4.5,22.9,2.5,9,143.6,137
137,2020,Devin Singletary,RB,HOU,10.3,9.6,16.1,18.7,4.3,5.5,6.7,10.2,6.4,2,-,11.2,11.3,4.4,17.4,7.2,2.3,9,143.6,139
139,2020,Jakobi Meyers,WR,LV,0,1.7,0,-,-,BYE,10.2,13.8,28.9,15.9,6.8,10.2,3.5,8.7,16.1,8.5,18.3,10.2,142.5,140
140,2020,Jeff Wilson Jr.,RB,MIA,0,0.3,21.9,2.9,2.7,-,32,-,-,-,-,2,7.9,9.4,12,27.4,23.8,11.9,142.3,141
141,2020,Eric Ebron,TE,FA,2.8,7.3,16.2,-,7.3,2.9,11,14.8,11.2,5.8,13.6,12.4,13.8,7,0,15.7,-,9.5,141.8,142
142,2020,Miami Dolphins,DST,MIA,2,2,12,3,12,15,BYE,23,8,6,5,14,14,10,9,5,1,8.8,141,142
142,2020,Baltimore Ravens,DST,BAL,15,15,7,6,26,7,BYE,4,14,1,3,8,4,0,10,10,11,8.8,141,142
142,2020,Darius Slayton,WR,NYG,28.2,6.3,6.3,7.8,20.9,11.8,4.3,10.6,1.8,14.3,BYE,0,2.4,6.1,11.4,4.6,4.2,8.8,141,142
142,2020,Evan Engram,TE,JAC,2.9,12.5,5.2,9.5,9.5,5,10.9,12,15.8,3.5,-,16.9,7.2,3.8,8.6,14,3.7,8.8,141,146
146,2020,Tua Tagovailoa,QB,MIA,-,-,-,-,-,0.4,BYE,5.7,21.4,14.7,7.3,-,16.1,28,19.7,8.9,18.2,14,140.5,147
147,2020,Jonnu Smith,TE,ATL,13.6,24.4,11.1,-,21,2.3,1.9,4.9,11.2,9.5,12,0,-,4.3,10.2,12,1.8,9.3,140.2,148
148,2020,Dak Prescott,QB,DAL,17.6,39.8,29.5,38.3,14.4,-,-,-,-,BYE,-,-,-,-,-,-,-,27.9,139.6,149
149,2020,Cairo Santos,K,CHI,9,5,6,3,9,13,5,14,5,8,BYE,5,7,10,18,12,10,8.7,139,150
150,2020,Jason Myers,K,SEA,9,5,4,9,3,BYE,12,8,12,12,9,12,4,11,10,10,8,8.6,138,151
1,2021,Cooper Kupp,WR,LAR,23.8,36.8,30.6,11.4,16.2,34,37.6,24.5,20.5,23.2,BYE,18.6,26.9,31.3,34.7,21.3,21.5,26.6,25.9,439.5
2,2021,Josh Allen,QB,BUF,17.2,17.7,37.2,21,36.5,29.7,BYE,29.5,11.6,21.9,18.2,28.7,11.7,36.2,21.8,31,23.9,23.9,24.6,417.6
3,2021,Justin Herbert,QB,LAC,14.4,16.7,30.8,21.3,42.8,12,BYE,15.8,31.6,13,35.3,21.7,26.3,24.9,24,18.9,17.7,28.4,23.3,395.8
4,2021,Tom Brady,QB,FA,29.2,29.6,28.7,11.1,37.7,19,24.4,27.2,-,15,20.3,12.2,29.6,30.1,5.8,14.4,27.4,25,22.7,386.7
5,2021,Patrick Mahomes II,QB,KC,33.3,25,24.9,32.3,21,25,8.7,15,10.4,36.2,8.5,BYE,13.6,20.3,30.6,22.3,20.9,26.2,22,374.2
6,2021,Jonathan Taylor,RB,IND,17.6,6.3,8.2,20.4,31.9,28.8,18,21.2,34,24.6,53.4,19.7,24.3,BYE,23,10.8,18.4,12.5,21.9,373.1
7,2021,Matthew Stafford,QB,LAR,24.3,18.2,29.5,20.3,17.5,26.2,27.2,24.2,15.1,11.8,BYE,23,24,23.5,16.5,9.7,16.3,19.5,20.4,346.7
8,2021,Davante Adams,WR,LV,10.6,20.1,31.2,12.4,37.6,12.9,19.6,BYE,10.2,14.8,30.5,18.4,-,34.1,16.4,33.4,30.6,11.5,21.5,344.3
9,2021,Austin Ekeler,RB,LAC,11.7,22.5,22.7,29.5,32.9,9.5,BYE,24.4,11.2,14.9,41.5,21.9,17.4,16.4,18.2,-,20.2,28.9,21.5,343.8
10,2021,Deebo Samuel,WR,SF,31.9,16.1,10.2,35.7,16.1,BYE,21,23.1,11.3,30.3,16.4,20.8,-,12.9,18.9,28.1,17.2,29,21.2,339
11,2021,Aaron Rodgers,QB,NYJ,3.3,26.8,19,24.1,20.8,23.7,24.7,15.7,-,11.5,33.5,26.3,-,29.6,23.8,20,20.3,14.2,21.1,337.3
12,2021,Dak Prescott,QB,DAL,28.4,8.5,20.1,27,21.7,27.8,BYE,-,19.9,26.3,4.6,25.3,12.2,11.9,10.6,31.3,23,31.8,20.7,330.6
13,2021,Justin Jefferson,WR,MIN,12.5,18.5,26.8,20.4,19.4,14,BYE,4.1,17,22.9,37.2,13.3,35.6,20.5,14.7,19.6,11.8,22.1,19.4,330.4
14,2021,Joe Burrow,QB,CIN,18.6,13.3,18.6,22.3,20.3,23.8,27.6,21.3,9.4,BYE,9,17.4,18.6,22.2,12.8,38.1,34.8,-,20.5,328.2
15,2021,Jalen Hurts,QB,PHI,28.8,21.8,22.5,28.2,23.9,26,23.5,11.2,16.7,19.6,30.8,9.9,-,BYE,28.6,16.7,13,-,21.4,321.2
16,2021,Kyler Murray,QB,ARI,34.6,35.1,19.5,22.6,13.7,25.8,22.4,11.1,-,-,-,BYE,30.8,19.4,13.6,21.9,22.9,17.1,22.2,310.5
17,2021,Kirk Cousins,QB,MIN,22,25.3,25.1,11.1,14.4,28.5,BYE,13.2,21.6,17.5,25.2,16.5,20.2,16,11.5,17.3,-,21.9,19.2,307.3
18,2021,Ja'Marr Chase,WR,CIN,20.9,13.4,22.5,13.7,27.9,13.7,34.1,13.1,8.9,BYE,13,6.9,10.2,25.3,1.3,19.5,55.6,4.6,17.9,304.6
19,2021,Mark Andrews,TE,BAL,5,10.7,15.9,11.7,41.7,17.8,7.8,BYE,9.4,18.3,15.3,16.5,9,28.5,35.6,26.5,14.9,16.5,17.7,301.1
20,2021,Najee Harris,RB,PIT,5.9,19.1,28.2,21.1,22.2,24.7,BYE,21,16.8,17.3,16.9,6.7,15.7,25.4,4.6,16,29.6,9.5,17.7,300.7
21,2021,Tyreek Hill,WR,MIA,37.1,5.9,9.7,47.6,14.8,22.6,12.7,27.4,7.3,27.5,20,-,4.2,11.6,32.8,3.9,10.2,1.2,17.4,296.5
22,2021,Joe Mixon,RB,CIN,25,8.1,10.4,13.7,10.5,26.3,11.9,25.1,28,BYE,24.3,32.3,9.4,8.8,7,31.5,15.6,-,18,287.9
23,2021,Stefon Diggs,WR,BUF,15.9,16,12.2,18.4,8.9,23.9,BYE,15,14.5,30.2,18.3,20.4,9.1,14.4,13.5,21.5,10.2,23.1,16.8,285.5
24,2021,Ryan Tannehill,QB,TEN,15.2,14.6,23.5,18.8,14,13.9,20.4,23.2,15,18.6,13.2,9.1,BYE,16.5,10.9,14.6,13.5,27.3,16.6,282.4
25,2021,Diontae Johnson,WR,PIT,14.6,19.5,-,24.2,15.2,18.6,BYE,15.8,11.7,13.3,23.1,18.5,30.5,15.3,9.8,15.1,17.1,12.1,17.2,274.4
26,2021,Derek Carr,QB,NO,25,24.2,22.2,15.4,8.2,21.5,20,-,12.3,19.2,9.6,21,12.4,11.5,11.1,9.5,12.2,15.3,15.9,271
27,2021,Carson Wentz,QB,FA,18.3,18.6,7.8,17.9,22.6,17,20.3,20.3,24.2,7.1,10,22.3,11.1,-,7,17.4,10.9,12.1,15.6,265
28,2021,Travis Kelce,TE,KC,25.6,23.9,17.4,6.3,17.7,17.9,13.5,4.7,17.8,19.9,18.8,BYE,5.7,5.7,41.1,-,13.4,13.4,16.4,262.8
29,2021,Mike Evans,WR,TB,5.4,24.5,18.6,14.5,29.3,4.7,31.6,12.8,BYE,14.2,20.3,4.6,16.9,21.1,2.4,-,14.7,26.9,16.4,262.5
30,2021,Hunter Renfrow,WR,LV,13,10.7,18.7,16.5,11.6,6.6,12.8,BYE,17.9,17.6,7.5,21.6,19.2,28.7,6.2,13,20.6,16.9,15.2,259.1
31,2021,Keenan Allen,WR,LAC,19,14.8,19,10.6,13.5,10,BYE,19.7,22.4,17.8,20.2,15.5,22.4,-,19.8,7.5,14.4,11.2,16.1,257.8
32,2021,James Conner,RB,ARI,5.3,2.6,18.3,20.6,10.7,8.1,12.4,14.2,40.3,15.4,20.9,BYE,19.1,33.5,9,-,-,27.3,17.2,257.7
33,2021,Leonard Fournette,RB,FA,10.9,11.6,6.4,16.9,21,30.7,17,7.3,-,17.2,13.4,44.1,22.2,23.2,13.7,-,-,-,18.3,255.6
34,2021,Lamar Jackson,QB,BAL,18,34.3,20.3,19.4,41.9,13.8,23.1,BYE,32.6,16.4,-,13.4,18.6,1.2,-,-,-,-,21.1,253
35,2021,Ezekiel Elliott,RB,FA,5.9,17.7,26.6,20.3,25.2,18.9,-,11.3,12.6,20.8,12.8,16.9,6.7,9,16.2,17.2,4,10,14.8,252.1
36,2021,Russell Wilson,QB,DEN,27.1,23.3,16.6,22.6,10.1,-,-,-,-,7.6,8.5,19.5,17.7,21.2,5.2,16.5,27.8,25,17.8,248.8
37,2021,Mike Williams,WR,LAC,22.2,22.1,33.2,2.1,36.5,4.7,BYE,3.9,7.8,7.3,20.7,7.9,16,12.1,7.9,-,15.3,26.9,15.4,246.6
38,2021,Jaylen Waddle,WR,MIA,16.1,8.8,17.8,6.3,5.3,29,15.3,6.9,16.3,10.1,20.6,28.7,18,BYE,-,25.2,7.7,13.7,15.4,245.8
39,2021,DK Metcalf,WR,SEA,16,11.3,22.7,16.5,26.8,11.8,17.6,22.3,BYE,5.6,7.1,2.3,11,8.3,11.2,12.1,30.9,10.8,14.4,244.3
40,2021,Chris Godwin,WR,TB,23.5,16.2,19.6,8.5,14,9.3,25.1,28,BYE,12.7,19.2,4.7,30.2,20.5,10.9,-,-,-,17.3,242.4
41,2021,Tyler Lockett,WR,SEA,26,31.8,7.1,6.4,10.7,5.5,3.2,26.2,BYE,4.3,15.5,12.6,19.8,27.2,-,6,12.1,27,15.1,241.4
42,2021,Jimmy Garoppolo,QB,LV,14.8,19.6,15.7,9.6,-,-,7.2,27.3,20.3,15.4,15.6,12.2,18,20.1,13.8,15.2,-,14.7,16,239.5
43,2021,Michael Pittman Jr.,WR,IND,5.9,20.3,13.3,11.9,20.9,5.8,20.5,30.6,17.4,12.1,4.3,9.3,17,BYE,1.7,16.5,10.7,20.4,14,238.6
44,2021,Mac Jones,QB,NE,15.2,7.4,14.6,17.9,12.5,15.8,22.2,11.7,7,19.9,11.4,21.5,0.5,BYE,19.2,7.1,22.3,11.8,14,237.9
45,2021,Taylor Heinicke,QB,ATL,10.6,21,23.4,27.9,11.9,10.3,21.2,13.8,-,15.7,23.1,12.2,15.8,8.7,-,6.7,10.3,5.1,14.9,237.9
46,2021,DJ Moore,WR,CHI,15.4,21.9,20.5,31.9,8.8,10.9,13.3,9.9,7.6,6.4,16,14.3,-,14.4,12.8,10.5,5.9,17,14,237.5
47,2021,Matt Ryan,QB,FA,7.4,19.3,15.6,29,21.6,-,18.4,8.1,28.5,2.7,4.1,11.2,12.1,11.9,13.4,13.1,6.6,11.8,13.8,234.9
48,2021,Alvin Kamara,RB,NO,18.1,7,20.8,12,29.2,BYE,33.9,16.6,20.4,-,-,-,-,24.5,5.1,7.9,21,18.2,18.1,234.7
49,2021,Cordarrelle Patterson,RB,ATL,8.7,23.9,16.2,34.6,18.4,BYE,14.1,18.2,19.6,4.9,-,27.5,12.6,13.9,4.3,8.3,7.2,2.2,14.7,234.6
50,2021,CeeDee Lamb,WR,DAL,23.4,17.4,9.5,3.3,18.8,36.1,BYE,17.2,4.3,28.6,4.4,-,19.2,14.6,11,10.4,8.1,6.5,14.6,232.8
51,2021,Brandin Cooks,WR,DAL,18.2,22.8,20.7,9.7,5.3,17.9,7.1,20.3,11.6,-,3.8,13.5,8.4,18.1,29.2,-,19.6,5.6,14.5,231.8
52,2021,Antonio Gibson,RB,WAS,11.8,9.3,17.4,15.5,21.2,4.4,7.6,8.4,BYE,21.8,7.5,23.6,22.1,4.1,18.5,13.8,-,22.1,14.3,229.1
53,2021,Aaron Jones,RB,GB,4.2,41.5,17.6,10.9,14.9,21,8.9,24,5.3,12.6,-,2.3,BYE,21.5,15,13.7,15.6,-,15.3,229
54,2021,Ben Roethlisberger,QB,FA,12,14.8,15.2,10.3,16,10.9,-,14.6,16.2,-,22.9,10.5,19.3,25.8,11.9,7.4,7.8,12.4,14.3,228.1
55,2021,Amon-Ra St. Brown,WR,DET,4.3,4.8,1.2,13,13.5,9.6,-,7.6,BYE,10.1,5.8,6.3,24.8,15.3,23.5,26,35.4,26.1,14.2,227.3
56,2021,Marquise Brown,WR,ARI,19.4,23.3,8.3,19.1,33.5,7.5,19,-,20.6,9.7,-,13.1,10.5,9.1,14.3,9.4,3.8,5.7,14.1,226.3
57,2021,Josh Jacobs,RB,LV,17,-,-,10.7,16.7,15.2,15.8,BYE,13.5,8.6,11.1,19.2,24,10,12.4,11.4,18,22.4,15.1,226
58,2021,Darnell Mooney,WR,CHI,7.6,12.6,1.9,18.5,6.5,15.5,5.9,12.4,20.6,BYE,23.1,17.5,7.7,2.9,11.6,10.9,19.9,24.6,12.9,219.7
59,2021,Tee Higgins,WR,CIN,15.8,16,-,-,10.2,7.4,13.2,13.7,13.8,BYE,3.5,23.4,28.8,16.4,4.3,43.4,9.2,-,15.7,219.1
60,2021,Trevor Lawrence,QB,JAC,22.1,8.8,9.5,17.8,22.7,15.9,BYE,13.6,5.1,9.8,8.6,18,6.8,5,10.5,12.9,10.3,18.6,12.7,216
61,2021,Nick Chubb,RB,CLE,22.1,16.8,8.4,11.5,24,-,-,7.9,30.3,-,22.4,5.9,BYE,9.5,16.3,27.4,5.8,7,15.4,215.3
62,2021,Terry McLaurin,WR,WAS,10.2,27.7,10.2,30.3,8.6,6.8,25.2,6.5,BYE,11.9,21.3,9.1,5.2,0,7.1,7,13.1,13.3,12.6,213.5
63,2021,Damien Harris,RB,BUF,11.7,13.4,3.1,4.6,9.8,17.8,25.3,14,10.3,-,7.5,12.2,17.1,-,-,28.3,17.7,17.3,14,210.1
64,2021,Teddy Bridgewater,QB,FA,20.5,21.2,11.8,6.8,19.6,21.3,14.8,12.6,21.9,9,-,16.2,14,15.2,4.9,-,-,-,15,209.7
65,2021,D'Andre Swift,RB,PHI,24.4,11.8,23.7,8.9,22.4,17.7,28.4,8.1,-,16.5,22.6,3.9,-,BYE,-,-,5.9,14.6,16.1,208.9
66,2021,Dalton Schultz,TE,HOU,10.5,3.8,26,17.8,13.9,12.9,-,3.1,9.4,2.4,11.3,15.6,9.3,1.4,20.7,22.2,11.4,17.1,12.3,208.8
67,2021,Christian Kirk,WR,JAC,24,9.5,17.4,1.5,10,18.5,15,8.6,16.4,12.8,4.5,-,1.4,11.6,24.4,11.8,13.9,6.3,12.2,207.6
68,2021,Dalvin Cook,RB,MIN,20.4,16.8,-,6.4,-,22.3,BYE,7.8,15.2,20.8,22.5,14.3,-,35.2,11.1,-,4.3,9.2,15.9,206.3
69,2021,Javonte Williams,RB,DEN,5.1,8.4,13.2,8.9,11.6,9.8,17.2,6.8,11.1,6.9,BYE,20.1,29.8,21.3,12.1,10,4.2,8.4,12.1,204.9
70,2021,Amari Cooper,WR,CLE,38.9,5.4,5.6,15.9,15,10.5,-,26.2,5.7,9.1,-,-,6.1,16.1,2.8,21.5,10.8,12.9,13.5,202.5
70,2021,Jared Goff,QB,DET,29.9,19.4,9.1,16.8,7.1,9.2,13,8.9,BYE,4.6,-,12.8,20.9,12.6,20.6,-,-,17.5,14.5,202.5
72,2021,Adam Thielen,WR,CAR,30.2,15.9,17,7.6,6,29.8,-,19.8,8.6,11.5,22.2,23.2,1,-,-,7,-,-,15.4,199.8
73,2021,George Kittle,TE,SF,11.8,5.7,17.1,8,-,BYE,-,-,20.1,16,13.4,2.3,39.6,34.1,15.3,4.1,4.5,6,14.1,198
74,2021,Devin Singletary,RB,HOU,11,17.1,3.6,9.6,3.3,9.3,-,3.9,12.9,11.9,7.3,5.8,3.6,14.9,16.6,18.8,23,25.2,11.6,197.8
75,2021,David Montgomery,RB,DET,18.8,10.9,7.5,22.6,-,-,-,0,10,-,7.7,10.4,28.1,14.1,11.3,23.6,21.1,9.9,14,196
75,2021,Darrel Williams,RB,FA,0.4,5.8,5.9,13.8,7.5,23.9,8,17,10.7,29.4,3.6,-,11,12.9,1.2,11.5,25.7,7.7,11.5,196
77,2021,Melvin Gordon III,RB,FA,20.8,8.9,15.2,8.7,6.3,10.3,11.2,19.2,17.5,9.3,-,9.8,-,23.1,7.1,1,10.2,16.6,12.2,195.2
78,2021,Baker Mayfield,QB,TB,13.6,18.5,16.9,9.3,23,13.2,-,9.5,16.7,5.9,9.9,12.3,-,16,-,14,15,-,13.9,193.9
79,2021,Derrick Henry,RB,TEN,10.7,47.7,19.4,25.7,31,35.6,16.4,6.8,-,-,-,-,BYE,-,-,-,-,-,24.2,193.3
80,2021,Tua Tagovailoa,QB,MIA,17.2,0.5,-,-,-,22.4,28.5,16.2,-,12.3,18.5,13.2,17.9,BYE,15.7,11,5.3,12.2,14.7,190.9
81,2021,Jakobi Meyers,WR,LV,10.4,7.8,18.4,16.8,9.6,11.4,9.4,9.6,1.8,14.9,7.9,14.8,-,-,11.3,11.9,21.3,9,11.6,186.3
82,2021,AJ Dillon,RB,GB,3.6,3.6,4.6,10.7,17.9,5.9,-0.2,7.8,13,26.8,15.7,20,BYE,7.1,10.5,8.6,22.3,7.7,10.9,185.6
82,2021,DeVonta Smith,WR,PHI,19.1,3.6,5.8,19.2,14.7,5.1,11.1,2.5,22.6,22.6,10.1,4.2,3.5,BYE,7,19,8.4,7.1,10.9,185.6
84,2021,Dallas Cowboys,DST,DAL,7,7,13,8,11,13,BYE,2,3,23,8,5,17,22,16,24,1,5,10.9,185
85,2021,Tyler Boyd,WR,CIN,6.2,14.3,13.6,20.8,6.4,1.7,7.9,19.7,2.1,BYE,12.3,3.3,13.5,10.3,20.6,17.5,13.6,-,11.5,183.8
86,2021,A.J. Brown,WR,PHI,14.9,7.3,0.3,-,6.8,16.1,27.3,31.5,9.2,3.3,9.8,-,-,BYE,-,31.5,6.1,16.8,13.9,180.9
87,2021,Zach Ertz,TE,ARI,5.4,1.6,15.3,12,1.7,12.9,16,8.2,5.7,8.6,28.8,BYE,2,9.2,13.4,13.4,11.1,15.4,10.6,180.7
88,2021,Kendrick Bourne,WR,NE,2.7,4.6,21.6,10.8,6.8,14.5,15.8,5.8,6.4,24.1,8.9,23.1,0.3,BYE,9.3,5.3,14.3,6.2,10.6,180.5
89,2021,Marvin Jones Jr.,WR,DET,18.7,17.5,12.2,5.4,3.5,23,-,8.5,5.1,5.5,9.2,8.3,3.1,13,3.4,15.4,6.6,21.8,10.6,180.2
90,2021,Kyle Pitts,TE,ATL,7.1,12.3,5.5,9,26.9,BYE,23.3,3.3,9.2,10,5.9,4.6,8.8,11.1,11.7,16.2,8.9,2.8,10.4,176.6
91,2021,Daniel Jones,QB,NYG,21.4,29.5,16.5,27.8,4.8,7.1,17.5,17.1,8.1,BYE,9.7,15.1,-,-,-,-,-,-,15.9,174.5
92,2021,Daniel Carlson,K,LV,11,17,13,2,3,12,9,BYE,10,2,8,21,11,3,12,6,13,21,10.2,174
93,2021,James Robinson,RB,NE,8.4,9.4,25.4,20.6,21.7,19.1,-,4.9,-,18.4,11.8,12.5,2.5,0.4,17.8,1,-,-,12.4,173.9
94,2021,Myles Gaskin,RB,MIA,12.6,8.6,10.4,0.3,31.9,3.4,17.7,8.5,15.7,5.5,18.6,19.2,6.9,BYE,5.4,2.6,2.3,4,10.2,173.6
95,2021,Rob Gronkowski,TE,FA,29,19.9,9.5,-,-,-,-,0,-,-,13.1,19.3,21.8,11.2,4.9,3.3,18.5,20.7,14.3,171.2
96,2021,Nick Folk,K,NE,11,15,8,5,17,3,14,15,6,9,16,21,7,BYE,5,3,9,7,10.1,171
97,2021,Brandon Aiyuk,WR,SF,0,1.6,14.5,2.5,5.2,BYE,1.9,10.5,18.7,5.6,21.5,12.5,8.5,18.6,4.6,14,13.4,16.7,10,170.3
98,2021,Sam Darnold,QB,SF,19.1,19.9,25.3,33.5,9.1,16.1,3.5,11.8,4.8,-,-,-,-,-,-,8.7,3,15.7,14.2,170.3
99,2021,Van Jefferson,WR,LAR,16,2.4,8.2,21,2.6,4.9,14.3,11.8,7.1,8.4,BYE,18.3,16.1,14.8,5.3,1.6,10.3,5.1,9.9,168.2
100,2021,Davis Mills,QB,HOU,-,7,10.7,-0.3,24.7,8.2,3.4,21.4,-,BYE,-,-,3.1,18,15.6,18.1,9.9,27.2,12.8,167
101,2021,Chase Claypool,WR,CHI,10,9.7,18.6,-,24,3.7,-,10.1,7.3,BYE,14.4,11.2,7.4,17.5,1.9,8.1,4.7,18,11.1,166.6
102,2021,Dallas Goedert,TE,PHI,14.2,4.4,8.6,16.6,4.8,-,12,13.2,7.3,4.8,11.2,1,28.5,BYE,20.5,4.8,13.1,-,11,165
102,2021,Mike Gesicki,TE,NE,0,7.1,18.6,16.7,8.3,19.5,21.5,9.8,9.4,0,10,4.7,11.6,BYE,9.3,5.2,9.1,4.2,9.7,165
102,2021,Elijah Mitchell,RB,SF,16.4,7.3,-,-,8.2,BYE,16.7,19.7,12.9,9.1,-,27.8,17.4,0,-,-,21,8.5,13.8,165
105,2021,Hunter Henry,TE,NE,6.1,6.2,8.6,13.2,19.5,10.5,10.3,4.3,9.9,19.7,4.5,3.6,-,BYE,25.7,1.9,6.7,13.6,10.3,164.3
106,2021,Dawson Knox,TE,BUF,8.1,9.7,14.9,20.7,20.7,7.5,BYE,-,-,2.7,14,18.2,3.4,19,7.8,9.1,0,8.3,10.9,164.1
107,2021,Darrell Henderson Jr.,RB,FA,15.7,17.2,-,16.6,16.9,24.7,9.4,22.3,8.8,8.1,-,17.3,-,-,4.7,1.7,-,-,13.6,163.4
108,2021,Russell Gage,WR,TB,0,7.8,-,-,-,-,16.7,-,13.4,0,9.9,18.2,22,10.4,23.1,5.9,8,27.6,12.5,163
109,2021,Zach Wilson,QB,NYJ,19.3,6.3,4.6,18.7,9,BYE,2,-,-,-,-,11.1,22,11.4,12,23.2,13.4,9.9,12.5,162.9
110,2021,Tony Pollard,RB,DAL,8.3,23,7.5,6.7,14.3,9.3,BYE,3.7,5.3,15.8,9,16.8,15.4,-,11.7,7,8.8,-,10.8,162.6
111,2021,Justin Tucker,K,BAL,11,7,17,13,3,12,6,BYE,10,5,11,13,7,15,6,3,15,8,9.5,162
111,2021,Chris Boswell,K,PIT,12,7,4,7,11,13,BYE,3,16,12,14,5,9,2,15,4,17,11,9.5,162
113,2021,Cole Beasley,WR,FA,14,7.6,20.8,3.6,1.5,21.8,-,21,11.3,3.5,6.3,9.6,2.1,15.4,7.5,-,6.2,7.1,10,159.3
114,2021,Noah Fant,TE,SEA,12.2,13.3,3.5,16.6,5,24.7,8.9,2.8,BYE,10.9,-,4.2,7.3,9.1,10.7,6,21.2,2.6,9.9,159
114,2021,Matt Gay,K,IND,12,9,11,9,9,8,9,8,12,4,-,8,15,14,10,12,2,7,9.4,159
116,2021,K.J. Osborn,WR,MIN,14.6,20.1,4.6,6.6,4.4,19.8,BYE,3,3,0,2.9,1.5,14.7,17.3,5.1,17.8,14,9.1,9.3,158.5
117,2021,New England Patriots,DST,NE,5,19,3,2,5,3,12,13,20,11,28,14,8,BYE,3,-1,12,1,9.3,158
118,2021,A.J. Green,WR,FA,4.5,13.4,16.2,17.7,2.3,18.9,9.6,10,-,1.4,11.8,-,2.4,17.2,10.4,4.3,10.4,6.3,9.8,156.8
119,2021,Tim Patrick,WR,DEN,13.9,12.7,14.8,6.9,15.9,13.2,3.6,9.4,18.5,4.4,BYE,4.6,1.9,4.1,13.2,3.8,-,15.5,9.8,156.4
120,2021,Greg Joseph,K,MIN,8,13,13,1,17,10,BYE,12,7,10,10,2,10,13,5,12,6,7,9.2,156
121,2021,Miami Dolphins,DST,MIA,6,3,10,4,-2,4,4,0,17,18,5,23,9,BYE,9,25,0,20,9.1,155
122,2021,Michael Carter,RB,NYJ,3,10.8,4.9,10.4,14.8,BYE,16.4,32.2,9.6,18.2,7.5,-,-,-,3,14.4,7.3,1.9,11,154.4
123,2021,Matt Prater,K,ARI,8,12,7,15,5,15,7,3,7,5,7,BYE,9,16,6,4,15,13,9.1,154
123,2021,Evan McPherson,K,CIN,11,7,7,6,2,11,13,7,4,BYE,21,13,5,12,13,11,11,-,9.6,154
125,2021,Marquez Callaway,WR,DEN,2.4,2.8,14.1,9.4,24.5,-,6.2,6,11.5,11.7,9.6,4.4,2.3,5.4,17.2,8.6,15.7,0,8.9,151.8
126,2021,Pat Freiermuth,TE,PIT,3.4,7.6,11.2,2.1,2.7,12.8,BYE,14.4,21.3,6.1,11.1,14,7.6,11.2,7.7,-,7.2,11.3,9.5,151.7
127,2021,Buffalo Bills,DST,BUF,3,22,7,23,17,1,BYE,12,8,12,-4,11,3,1,7,5,8,15,8.9,151
128,2021,Courtland Sutton,WR,DEN,2.4,24.9,8.7,7.7,25,23.4,11.8,6,3.9,4.9,BYE,3.7,3.5,1.9,3.2,7.3,9,2.9,8.8,150.2
129,2021,Jake Elliott,K,PHI,7,4,3,12,9,2,2,16,6,14,19,1,17,BYE,9,10,10,9,8.8,150
130,2021,Saquon Barkley,RB,NYG,3.7,8.9,21.4,29.6,0.9,0,-,-,-,BYE,11.6,9.3,13.4,18.5,9.4,3.8,10.2,7.9,10.6,148.6
131,2021,Cedrick Wilson Jr.,WR,MIA,5.4,4.5,9.7,11,6,8.2,-,18.8,4.8,-,7.6,17.4,-,3.8,-,3,18.7,28.9,10.6,147.8
132,2021,DeAndre Hopkins,WR,FA,26.3,15.4,5.1,10.7,20.7,20.5,18.3,8.6,-,-,-,-,11.2,10.4,-,-,-,-,14.7,147.2
133,2021,Tyler Higbee,TE,LAR,11.8,1.8,15,7.6,9.4,8.6,9.6,5.5,10.1,11,BYE,1.3,9.8,-,-,9.1,12.9,23.5,9.8,147
133,2021,Dustin Hopkins,K,LAC,12,14,3,4,11,10,BYE,7,7,9,12,1,11,13,4,12,10,7,8.6,147
135,2021,Devonta Freeman,RB,FA,-,2.9,0.8,0.4,6.5,11.3,12.9,-,16.3,8.8,20,7,20.7,12.2,3.4,10,8.7,4.7,9.2,146.6
136,2021,Sony Michel,RB,FA,0.2,4.6,10.9,-0.9,11.5,4.2,0.4,7.6,10.6,5.1,-,3.5,21.9,7.9,13.5,20.5,18.9,5.9,8.6,146.3
137,2021,T.J. Hockenson,TE,MIN,25.7,20.6,3,8.2,4.2,15.4,10.8,18.9,-,0,11.1,12.5,14.9,-,-,-,-,-,12.1,145.3
138,2021,New Orleans Saints,DST,NO,15,6,20,2,6,BYE,9,15,2,2,4,5,3,7,18,6,15,10,8.5,145
139,2021,Devontae Booker,RB,FA,2.3,2.1,-,2.2,20.8,10.9,14.6,17.5,15.2,-,3,3.7,9.4,12.4,10.2,8.6,6.6,4.6,9,144.1
140,2021,Chase Edmonds,RB,TB,14.6,12.5,14.5,17.9,4.4,8,10,15.9,0.3,-,-,-,-,-,5.3,26.7,13.2,-,11.9,143.3
141,2021,Tyler Bass,K,BUF,11,5,14,16,8,13,BYE,10,7,9,1,7,4,9,7,9,3,10,8.4,143
142,2021,Allen Lazard,WR,NYJ,3.6,-,5.2,5.3,2.6,11.7,17,-,9,1.6,-,3.3,-,20.9,4.8,13.8,19.2,24.5,10.2,142.5
143,2021,Tampa Bay Buccaneers,DST,TB,2,19,0,9,8,4,21,0,BYE,6,12,12,11,5,6,16,3,7,8.3,141
144,2021,Mecole Hardman Jr.,WR,NYJ,4.9,10.5,12.5,6.1,16.6,8.8,4.8,11.3,5,5,4.5,-,2.2,7.9,3.1,12.1,6.3,19.3,8.3,140.9
145,2021,Greg Zuerlein,K,NYJ,12,10,5,6,14,13,-,8,0,-,10,8,11,13,10,8,2,10,8.8,140
145,2021,Harrison Butker,K,KC,10,5,6,6,10,9,4,8,9,12,9,BYE,13,14,8,-,7,10,8.8,140
147,2021,Chosen Anderson,WR,MIA,12.7,6.8,1.8,9.9,5,10.1,4.4,0,1.2,13.7,8,2.5,-,21.4,9.2,10.8,3,18,8.1,138.5
148,2021,Tyler Conklin,TE,NYJ,8.1,3.5,20,5.8,4.5,10.1,-,10.7,9.5,16.1,6.5,4.5,12.6,4,1.7,8.4,9.7,2.6,8.1,138.3
149,2021,Mike Davis,RB,FA,10.2,13.3,11,10.6,12.1,-,1,11.6,2.8,1.8,5.1,7.1,16.9,13.6,2.1,4.5,12.7,1.8,8.1,138.2
149,2021,Elijah Moore,WR,CLE,0.7,8.7,5.2,-,0,-,10.2,13.1,27.4,13.4,29.6,9.3,20.6,-,-,-,-,-,12.6,138.2
150,2021,Ryan Succop,K,FA,7,6,6,15,10,4,8,3,-,7,13,8,6,9,0,16,8,12,8.1,138
1,2022,Patrick Mahomes II,QB,KC,34.9,17.3,18.1,24.4,30.5,21.6,27.9,BYE,35.1,32.1,27.5,19.4,19.8,22.8,32.7,23.8,26.5,15,25.3,429.4
2,2022,Josh Allen,QB,BUF,33.5,29.7,26.7,24.5,36.2,26.4,BYE,19.6,26.8,21.6,12.6,30.9,16.9,20.6,35.9,25,2.7,22.8,24.2,412.2
3,2022,Jalen Hurts,QB,PHI,24.7,34,27.6,17,27.7,16.9,BYE,28.4,20,22.8,24.2,29.8,34.4,30.4,36.7,-,-,9.5,25.6,384
4,2022,Austin Ekeler,RB,LAC,11.2,18.4,13.3,34.9,35.9,24.3,36.7,BYE,24.1,13.3,18,25,13.2,24.4,15,23.9,32.1,9,21.9,372.7
5,2022,Joe Burrow,QB,CIN,22.2,16.6,23,20.1,18.3,32.5,39.2,14.5,19.1,BYE,28.7,18,30,17.6,25.8,25.5,6.3,11.6,21.7,369
6,2022,Justin Jefferson,WR,MIN,39.4,10.8,4.4,31,30.3,16.7,BYE,15.8,25.5,35.3,6.3,29.3,18.6,33.3,30.3,31.3,2.5,7.8,21.7,368.7
7,2022,Christian McCaffrey,RB,SF,15.7,16.8,13.5,25.8,23.4,22.8,8.2,40.3,BYE,17.7,17.6,8.9,28.6,29.3,25.8,13.8,31.3,16.9,21,356.4
8,2022,Tyreek Hill,WR,MIA,18,42,5.3,25.9,13,29.7,14.2,31.5,27.3,15.4,BYE,15,29.6,18.1,21.9,14.3,15.7,4.3,20.1,341.2
9,2022,Davante Adams,WR,LV,30.1,9.2,14.2,19.5,27.4,BYE,17.5,1.2,36.6,27.6,33.1,14.4,37.7,10.1,6.8,3.5,34.3,12.3,19.7,335.5
10,2022,Josh Jacobs,RB,LV,8.3,9.1,14.7,34.5,30.3,BYE,36.5,7.4,11.7,22.6,19,48.3,21,19.4,13,6,19.5,7,19.3,328.3
11,2022,Stefon Diggs,WR,BUF,26.2,44.8,14.4,10.2,24.2,30.8,BYE,22.8,14.3,24.8,14.8,21.7,22.2,6.7,10.7,4.6,4.6,23.4,18.9,321.2
12,2022,Travis Kelce,TE,KC,26.1,10.1,17.9,24.2,33.5,19.2,15.8,BYE,20.6,20.1,35.5,15.7,7.6,11.1,20.5,17.3,11.3,9.8,18.6,316.3
13,2022,Geno Smith,QB,SEA,17.2,7.1,19.9,31.7,24,12.7,14.1,19.1,21.8,19.2,BYE,20.3,24,22.6,15.3,13.2,17.1,15.6,18.5,314.9
14,2022,Justin Fields,QB,CHI,14.6,9.8,6.9,10.2,17,19.4,24.4,26,42.7,40.4,23.6,-,21.3,BYE,23.6,9.9,17.2,-,20.5,307
15,2022,Kirk Cousins,QB,MIN,19.1,11.8,18.3,13.9,23.2,16.5,BYE,23.5,17.4,17.5,2.2,22.9,11.8,25,34.4,24.2,10.9,13,18,305.6
16,2022,Trevor Lawrence,QB,JAC,14.4,18.5,25.2,6.7,12.3,24.9,18.7,8.8,16.7,21,BYE,24.9,16.4,33.4,27.8,18.3,5.5,10.2,17.9,303.6
17,2022,Derrick Henry,RB,TEN,8.2,8.5,25.3,23.7,27.2,BYE,16.8,35.8,23.5,8.7,25.4,14.7,5.8,20.5,26.3,18.6,-,13.8,18.9,302.8
18,2022,CeeDee Lamb,WR,DAL,4.9,15.1,22.7,21.7,10.3,12.7,10.6,18.8,BYE,38,9.5,17.7,20.4,8.3,19.7,34,21,16.2,17.7,301.6
19,2022,A.J. Brown,WR,PHI,25.5,11.9,19.5,14.5,6.2,17.7,BYE,39.6,15.9,1.7,9,12.6,31.9,17,27.1,16.3,19.7,13.5,17.6,299.6
20,2022,Daniel Jones,QB,NYG,17,13.1,14.7,21.6,12.4,13.5,28.8,9,BYE,18.3,26.6,14.5,17.1,19.4,9.9,21.8,36.2,-,18.4,294
21,2022,Jared Goff,QB,DET,16.5,26,14.9,34.2,6.9,BYE,3.5,18.6,12.4,14.8,6.5,17.6,21.6,26.1,14.1,25.7,22.4,9.5,17.1,291.3
22,2022,Justin Herbert,QB,LAC,23.3,24.5,13.6,21.1,14.4,9.4,19.1,BYE,13.1,13,20.7,28.8,18.1,19.5,10.7,6.5,16.7,18.8,17.1,291.3
23,2022,Saquon Barkley,RB,NYG,33.4,11.8,22.6,18.2,19.6,18.5,17.5,15.2,BYE,23,5.5,15.2,19.1,6.8,23,27.3,7.3,-,17.8,284
24,2022,Nick Chubb,RB,CLE,15.3,32.3,17.3,20.7,25.4,8,18.7,25.4,BYE,15.1,9.7,20.2,8,8.4,9.9,11.2,12.6,23.2,16.6,281.4
25,2022,Tom Brady,QB,FA,11.4,9.4,14.7,25.4,19.7,13.7,11.7,17.1,15.2,17,-,18,18.1,12.1,18.6,13.3,37.7,7.4,16.5,280.7
26,2022,Amon-Ra St. Brown,WR,DET,20.4,39.4,13.3,-,5.8,BYE,1.4,13.9,9.5,22.1,15,27.9,34.6,13.4,15.2,14.6,10.2,10.9,16.7,267.6
27,2022,Jaylen Waddle,WR,MIA,17.7,40.1,15.1,5.9,5.3,16.9,12.8,30.6,19.5,10.6,BYE,13.5,1.9,5.1,20.4,25.3,8.2,10.3,15.2,259.2
28,2022,DeVonta Smith,WR,PHI,0,15,30.9,4.7,18.7,15.4,BYE,7.3,4.2,13.9,13.8,9,21.2,17.4,17.6,31.3,20.5,13.7,15,254.6
29,2022,Aaron Rodgers,QB,NYJ,4.7,16.4,17.1,17.1,16.9,11.8,15.8,16.2,16.6,19.4,19.1,11.5,13.7,-,11.9,14.3,16.6,12.2,14.8,251.2
30,2022,Rhamondre Stevenson,RB,NE,4.7,6.1,20.1,12.9,19.5,25.1,23.8,21.3,16,BYE,14.2,20.2,13.8,3,24.8,3.3,7.1,13.2,14.7,249.1
31,2022,Tony Pollard,RB,DAL,4.2,19.8,10.5,1.8,14.6,7.2,12.9,33.7,BYE,21.8,36.9,8.1,24.6,22.2,14.6,14,-,1.9,15.6,248.8
32,2022,Aaron Jones,RB,GB,10.6,32,5.7,14.5,10,7.4,28.6,19.7,6.5,23.6,14,18.9,10,BYE,20.6,5.4,13.3,7.8,14.6,248.6
33,2022,Amari Cooper,WR,CLE,4.7,25.1,23.1,1.9,20.6,14.4,10.4,23.1,BYE,6.2,31.3,16.4,8,6.2,9.8,13.2,25.5,7.1,14.5,247
34,2022,Lamar Jackson,QB,BAL,21.2,42.6,40.4,15.1,15.8,17.1,10.7,21.8,17.5,BYE,16.5,23.1,1.3,-,-,-,-,-,20.3,243.1
35,2022,Ja'Marr Chase,WR,CIN,28.9,10.8,12.7,12.1,12,32.2,33,-,-,BYE,-,-,16.7,28.5,19,13.9,0,22.6,18.6,242.4
36,2022,Christian Kirk,WR,JAC,17.7,25.8,19.2,8.3,2.1,10.8,17.1,7,21.6,31.5,BYE,8.1,16.4,9.5,15.2,5.6,4.1,21.9,14.2,241.9
37,2022,Joe Mixon,RB,CIN,21.5,11.3,6.8,17.4,11.8,16.8,18.1,12.9,55.1,BYE,9.2,-,-,12.6,10.4,17.8,1.2,17.8,16,240.7
38,2022,Tua Tagovailoa,QB,MIA,14.8,40.9,11.4,3.4,-,-,15.9,29.2,24.1,23.4,BYE,16,15.8,12.6,18.1,13.4,-,-,18.4,238.9
39,2022,Dalvin Cook,RB,MIN,13.8,7.6,13.6,10.6,26.1,15.3,BYE,25.1,13.6,23.6,7.2,9.6,16.3,8.6,27,10.7,6.4,2.7,14,237.8
40,2022,Tyler Lockett,WR,SEA,5.8,19.7,16.6,13.1,27.4,3.7,11.5,15.3,17.7,13.2,BYE,15.8,27.8,17,13.8,-,3.5,15.4,14.8,237.3
41,2022,Russell Wilson,QB,DEN,17.8,12.1,9.1,27.5,11.2,13.8,-,14.8,BYE,15.2,10.7,8.5,9.7,26.6,-,11.3,24.6,24.1,15.8,236.8
42,2022,Derek Carr,QB,NO,16.8,19,20.8,11.5,17.9,-,13.5,2.9,18.4,17.9,20.3,22.8,17,4.6,20.2,9.4,-,-,15.5,233.1
43,2022,Terry McLaurin,WR,WAS,13.8,12.2,16.2,3.5,12.6,8.2,18.3,16.6,10.6,20.8,9.6,9.3,24.5,BYE,13,17.7,5.7,16.4,13.5,229
44,2022,Brandon Aiyuk,WR,SF,6.7,11.3,12.9,7.7,8.8,28.3,15.2,20.1,BYE,12.4,16,11.5,9.6,13.7,3.9,13.1,26.7,9.9,13.4,227.8
45,2022,Leonard Fournette,RB,FA,15.7,9.4,12,18.4,35.9,22.1,4.6,14.8,11,11.8,-,-,14.1,10.6,11.4,25.2,8.7,1.4,14.2,227.1
46,2022,DK Metcalf,WR,SEA,8.6,7.5,17.4,21.9,17.8,5.4,2.2,17.5,14.7,13.1,BYE,20,26.7,18.1,12.5,15.1,1.3,7,13.3,226.8
47,2022,Jamaal Williams,RB,NO,16,7,24.7,23.9,5.6,-,7.3,22.6,10.1,11.9,24.4,10.6,9.5,3.7,3.3,3.4,22.7,19.2,13.3,225.9
48,2022,Mike Evans,WR,TB,18.1,9.1,-,30.3,12.1,8.2,18.6,18.3,9,10.4,BYE,5.1,9.9,8.4,13.3,5.9,48.7,-,15,225.4
49,2022,Najee Harris,RB,PIT,10.6,13.9,13.1,7.4,6.6,12.9,11,12,BYE,9.9,27.6,10.9,10.2,13,14.6,15.5,20.3,14,13.1,223.5
50,2022,Tee Higgins,WR,CIN,4.7,19.1,14.3,25.4,-,10.7,14.3,13.9,13,BYE,23.8,24.4,12.5,-,16.3,26.8,2.3,1.7,14.9,223.2
51,2022,Chris Godwin,WR,TB,6.5,-,-,12.9,12.3,15.5,11.5,13.5,10.7,19.1,BYE,29,14.3,10.4,22.3,14.3,21,9.5,14.9,222.8
52,2022,Miles Sanders,RB,CAR,18.5,11.6,5.4,29.6,8.4,14.2,-,13.8,15.3,5.4,5.8,31,11.8,28.5,1.9,6.1,6.1,3.3,12.7,216.7
53,2022,Michael Pittman Jr.,WR,IND,27.1,-,15.2,6.1,10.9,26.4,9.8,12.3,5.2,12.3,13.5,19.1,3.6,BYE,19,7.9,16.1,12,13.5,216.5
54,2022,Garrett Wilson,WR,NYJ,9.2,30,12,6.1,5.7,1.8,6.4,17.5,17.9,BYE,3.2,26.4,24.2,13.8,13.8,5,4.8,17.9,12.7,215.7
55,2022,T.J. Hockenson,TE,MIN,7.8,5.6,10.8,39.9,1.6,-,8.8,11,16,11.5,8.4,15.3,7.3,11.7,8.3,35.9,12.9,2.6,12.7,215.4
56,2022,Dak Prescott,QB,DAL,5.5,-,-,-,-,-,12.3,26.4,BYE,21.2,20.6,16.8,17.8,15.7,22.2,29,16.4,9.7,17.8,213.6
57,2022,Alvin Kamara,RB,NO,7.6,-,7.3,-,23.4,18.4,17.5,42.8,9.2,7.5,12.9,7,5.7,BYE,12.4,19,9,12,14.1,211.7
58,2022,Kyler Murray,QB,ARI,20.6,26.9,13.4,23.9,17.2,15.9,17.2,26.6,19,-,-,26.2,BYE,0.7,-,-,-,-,18.9,207.5
59,2022,Marcus Mariota,QB,PHI,19.8,15.4,16.6,4.9,18,24.2,12.1,24.4,7.6,18.7,17.7,14.9,11.4,-,-,-,-,-,15.8,205.6
60,2022,Travis Etienne Jr.,RB,JAC,8.5,8.3,10.5,3.2,14.4,12.8,18.9,25.2,26.6,10.3,BYE,0.3,7.6,3.2,12.7,14.2,23,5.4,12.1,205.1
61,2022,Jerry Jeudy,WR,DEN,20.2,2.2,3.7,15.3,8.3,8.4,16.6,18.3,BYE,0,-,-,10.5,33.3,14.6,17.7,10.8,24.3,13.6,204.2
62,2022,Kenneth Walker III,RB,SEA,-,3.5,6.3,3.4,14.8,19,28.7,12.2,27.9,13.2,BYE,16.9,3.6,-,11.9,12.5,15.2,13.4,13.5,202.5
63,2022,Cooper Kupp,WR,LAR,31.8,31.8,16.4,26.2,25.9,16.7,BYE,22.9,26.8,2.9,-,-,-,-,-,-,-,-,22.4,201.4
64,2022,George Kittle,TE,SF,-,-,6.8,4.4,7.7,16.3,21.8,12.9,BYE,3.1,24.4,5.6,4.2,6.8,25.3,30,12.3,18.9,13.4,200.5
65,2022,James Conner,RB,ARI,16.5,7.1,8.7,10.7,7.3,-,-,-,11.4,23.6,13.4,21,BYE,23.4,18.1,25,14,-,15.4,200.2
66,2022,DJ Moore,WR,CHI,8,13.3,2.5,12.1,10.7,3.7,19.6,27.5,4.4,6.9,5.4,20.3,-,0.6,18.3,20.1,23.7,2,11.7,199.1
67,2022,Chris Olave,WR,NO,9.1,11,23.7,16.7,15.4,-,17.6,10.2,13.1,7,21.2,11.2,10.5,BYE,8.3,-,8.2,15,13.2,198.2
68,2022,Zay Jones,WR,JAC,12.5,5.3,24.5,-,4.2,9.2,10.8,6.5,9,14.8,BYE,27.5,3.6,21.7,34.9,2.1,5.4,6.1,12.4,198.1
69,2022,Davis Mills,QB,HOU,15.5,7.2,11.8,15.8,5.8,BYE,19.1,9.9,14,15.8,11.8,-,-,6.2,18.9,10.9,9.4,24.5,13.1,196.5
70,2022,Jerick McKinnon,RB,KC,7.9,9.6,2,1,9.2,6,6.8,BYE,10.4,11.8,1.4,5.6,14,32.4,34.2,12.8,22.6,8.6,11.5,196.3
71,2022,D'Andre Swift,RB,PHI,26.5,16.7,7.6,-,-,-,BYE,14.3,8,8.2,12.2,10.3,21.1,6.9,12.5,3.5,27.7,15.6,13.7,191.1
72,2022,Mark Andrews,TE,BAL,10.2,25.7,28.9,3.5,22.9,23.6,0.4,6.3,-,BYE,12.3,11,9.4,3.7,6.1,7.5,19,-,12.7,190.5
73,2022,New England Patriots,DST,NE,4,8,4,11,22,13,5,9,26,BYE,17,2,4,20,11,14,12,4,10.9,186
74,2022,Ezekiel Elliott,RB,FA,5.9,5.9,14.5,10.1,7.8,15.6,17.7,-,-,-,17.7,16.5,18.1,17.1,15.1,13.1,9.7,1,12.4,185.8
75,2022,JuJu Smith-Schuster,WR,NE,11.9,4,13.9,9.6,6.3,22.3,25.4,-,18.8,5.3,-,6.8,6.5,22.4,16.8,5.7,4.1,5.5,11.6,185.3
76,2022,Andy Dalton,QB,CAR,-,-,-,13.7,10.9,10.5,29.5,17.2,11.9,9.1,22.2,10.3,13.3,-,14.1,2.6,7,11,13.1,183.2
77,2022,Mac Jones,QB,NE,9.5,13.7,18.9,-,-,-,1.9,12.7,9.7,BYE,10.1,23.3,12.5,8.3,7.5,17.5,16.3,19.2,12.9,181.1
78,2022,Diontae Johnson,WR,PIT,12.5,13.7,16.4,4.2,11,8.6,9.5,8.5,BYE,10.3,6.2,9.9,11,14.2,20,11.4,5.5,7.8,10.6,180.7
79,2022,Jakobi Meyers,WR,LV,10.2,18.5,-,-,24.1,10,11.4,21,7.4,-,9.2,9.2,5.2,-,4.7,20.3,16.9,12.2,12.9,180.3
80,2022,Adam Thielen,WR,CAR,6.6,9.2,18.1,15.2,6.7,15.6,-,12.7,9.7,9.9,4.5,21.1,4.7,19.5,13.1,1.6,2.6,9.2,10.6,180
81,2022,Drake London,WR,ATL,12.4,24.6,14.4,3.7,7.5,7,1.9,7.1,3.3,14.8,7.2,4.9,15.5,BYE,12,14.6,9.7,18,10.5,178.6
82,2022,Devin Singletary,RB,HOU,8.2,4.1,24.1,11.6,5.6,14.7,-,9.3,8.8,15.7,17.7,9,11.1,5.3,10,20.5,0.3,2.2,10.5,178.2
83,2022,David Montgomery,RB,DET,8,15.6,1.1,-,18.2,9,12.2,8.5,5.4,5.4,21.1,14.3,16.7,-,24.1,10.4,5.6,2.1,11.1,177.7
84,2022,Evan Engram,TE,JAC,6.8,11.6,3.9,2.6,12.9,9,10.7,15.5,1.8,4.4,BYE,1.4,14,39.2,14.2,18.3,3.9,6.7,10.4,176.9
85,2022,Mike Williams,WR,LAC,3,25.3,8.5,19,23.4,3.7,21.6,BYE,-,-,2.5,-,-,23.6,10.7,11.6,16.4,7.2,13.6,176.5
86,2022,Curtis Samuel,WR,WAS,19.2,22.9,13.1,7.8,12.2,2.6,12.9,10.9,17.1,6,9.8,1.3,14.6,BYE,7.5,16.4,1.6,0.4,10.4,176.3
87,2022,Tyler Boyd,WR,CIN,13.3,5.7,20.5,7.6,6.2,12.6,29.5,12.8,9.4,BYE,6.2,3.6,10,0,14.5,5.1,8.4,10.1,10.3,175.5
88,2022,Allen Lazard,WR,NYJ,-,9.3,14.5,17.6,13.5,17.6,11.5,-,18.7,7.5,10.7,4.4,11.7,-,1.7,11.1,10.9,14.1,11.7,174.8
89,2022,Jacoby Brissett,QB,WAS,10.9,16.5,17.9,16,15.4,10.6,10.1,20.3,-,16.5,25.9,14.1,-,0,0.3,-,0.2,-,12.5,174.6
90,2022,Gabe Davis,WR,BUF,18.8,-,6.7,2.3,32.1,16.4,BYE,5.5,5.3,21.3,11.8,7.8,9.5,6.1,9.6,11.5,-,6.9,11.4,171.6
91,2022,Dallas Cowboys,DST,DAL,5,7,10,10,23,4,22,11,BYE,5,16,4,20,4,6,7,10,6,10,170
92,2022,Joshua Palmer,WR,LAC,3.9,13,15.9,3.5,5.4,14.7,-,BYE,18.6,7.4,30.6,10.6,13,9.3,9.9,3.6,0,9.9,10.6,169.3
93,2022,Jimmy Garoppolo,QB,LV,-,16.7,9.4,13.9,18,18.9,17.3,17.7,-,15.9,25.4,13.3,2.2,-,-,-,-,-,15.3,168.8
94,2022,Deebo Samuel,WR,SF,12.6,14.7,12.9,23.7,11.2,16,9.4,-,BYE,7.1,22.4,7.3,12.3,14.4,-,-,-,4.4,13,168.4
95,2022,Raheem Mostert,RB,MIA,4.2,10.9,1.1,10.1,19.2,5.8,20.9,7.7,8.6,18.7,BYE,-,3,5.4,16.6,4.9,23.1,8.1,10.5,168.3
96,2022,Matt Ryan,QB,FA,16.3,4.8,15.3,18.8,8.1,27.2,11.9,-,-,22.7,8.6,11.2,12.1,-,11.3,-,-,-,14,168.3
97,2022,AJ Dillon,RB,GB,20.1,7.7,5.8,9.4,3.4,9.2,1.5,7.3,6.4,6.5,3.3,17.8,20.9,BYE,22.1,12.8,10.1,3.3,9.9,167.6
98,2022,Ryan Tannehill,QB,TEN,19.3,2.9,19.8,14.4,11.5,BYE,3.9,-,-,19.4,20,12.5,13,18.8,11.7,-,-,-,13.9,167.2
99,2022,Donovan Peoples-Jones,WR,CLE,12,0,2,12.1,9,11.6,11.1,12.1,BYE,14.9,17.1,3.6,13.4,19.4,13.1,1.2,8.3,6.2,9.8,167.1
100,2022,George Pickens,WR,PIT,1.3,3.3,6.9,16.2,14.3,5.8,18.1,0,BYE,14.5,18.3,10.7,1.2,10.8,7.3,16.7,4.9,16.2,9.8,166.5
101,2022,Dameon Pierce,RB,HOU,4.9,8.7,18.1,25.9,20.3,BYE,15.7,14.1,13.9,12.2,3.7,4.6,12.5,11.8,-,-,-,-,12.8,166.4
102,2022,Antonio Gibson,RB,WAS,20,12.1,11,9.3,6.9,8.3,16.7,20.7,6.7,14.8,13.3,8.4,7.9,BYE,4.7,5.1,-,-,11.1,165.9
103,2022,Christian Watson,WR,GB,6.1,3.9,-,9.3,0.8,-,-,2.2,4.4,32.7,21.1,21,24.4,BYE,8.6,10.9,2.1,16.6,11.7,164.1
104,2022,Justin Tucker,K,BAL,6,10,9,11,16,8,13,9,10,BYE,7,15,4,11,5,9,9,12,9.6,164
104,2022,Keenan Allen,WR,LAC,10.6,-,-,-,-,-,3.1,BYE,-,-,12.4,15.9,20.8,21.2,16.6,21.4,11.8,30.2,16.4,164
106,2022,San Francisco 49ers,DST,SF,5,15,8,21,15,1,1,3,BYE,6,11,15,18,10,9,7,3,15,9.6,163
107,2022,Daniel Carlson,K,LV,9,13,10,14,16,BYE,10,0,8,2,14,10,11,12,7,5,12,9,9.5,162
108,2022,Brett Maher,K,FA,5,12,12,16,11,5,6,7,-,4,22,4,6,11,12,18,10,0,9.5,161
109,2022,Tyler Allgeier,RB,ATL,-,3,4,11.4,4.5,5.1,11,17.5,13.3,3.3,7.4,5.4,5.2,BYE,22.6,15.7,16.5,13.5,10,159.4
109,2022,Courtland Sutton,WR,DEN,11.2,19.7,17.7,16.2,12.4,3.4,5.3,2.3,BYE,12.6,13,13.5,0,-,-,11.4,8.4,12.3,10.6,159.4
111,2022,Jason Myers,K,SEA,6,1,11,14,10,13,16,11,8,6,BYE,10,10,6,9,4,11,13,9.4,159
112,2022,Kenny Pickett,QB,PIT,-,-,-,15.3,13.1,8.3,13.3,8.3,BYE,19.1,16,12.2,13.3,1.6,-,13.7,10.9,13.9,12.2,158.9
113,2022,Jeff Wilson Jr.,RB,MIA,5,12.3,11.6,13.4,20.2,0.5,5.4,5.5,16.2,22.3,BYE,12.2,0.3,2.6,-,11,10.6,9.4,9.9,158.5
114,2022,Marquise Brown,WR,ARI,14.3,12.8,28,20.8,21.8,11.8,-,-,-,-,-,10.6,BYE,7.4,5.9,8.8,12.1,1.7,13,156
115,2022,K.J. Osborn,WR,MIN,4.4,4.5,18.3,1.5,9.1,4.8,BYE,8.8,0,7.7,3.7,2.3,3.7,14.8,31.7,4.7,18.9,16.7,9.2,155.6
116,2022,Cordarrelle Patterson,RB,ATL,22.6,4.1,22.3,9.8,-,-,-,-,18.3,3,11.9,10.1,6,BYE,12.2,4.1,20.4,9.9,11.9,154.7
117,2022,Latavius Murray,RB,BUF,-,0,-,13.5,-,7.4,10.3,12.9,-,7.7,17.2,10.8,10.1,6.1,21.2,7,11.2,18.8,11,154.2
118,2022,Mack Hollins,WR,ATL,2.6,11.6,30,6.3,0,-,12.4,13.4,3.7,3.8,11.2,16.3,8.5,8.2,14,1.7,7,3.5,9.1,154.2
119,2022,Buffalo Bills,DST,BUF,17,20,4,7,14,8,BYE,5,5,8,5,8,5,12,1,10,4,19,8.9,152
119,2022,Tyler Higbee,TE,LAR,8.9,14.1,10.1,17.3,11.6,1.7,BYE,3.5,0,15.3,8.5,-,3.4,3.1,12.7,30.4,4.1,7.3,9.5,152
119,2022,Younghoe Koo,K,ATL,19,5,12,12,1,4,6,14,5,3,12,9,14,BYE,4,9,8,15,8.9,152
122,2022,DeAndre Hopkins,WR,FA,-,-,-,-,-,-,20.3,33.9,13.6,19.8,18.1,18.7,-,12.9,13,1.4,-,-,16.9,151.7
123,2022,Philadelphia Eagles,DST,PHI,5,12,15,15,4,7,BYE,14,8,7,7,6,10,9,9,10,10,3,8.9,151
124,2022,Parris Campbell,WR,NYG,6.7,0,3,8.3,4.2,18.7,23,9.1,3.6,20.6,11.7,3.4,8.5,-,3.3,3.9,8.3,12.8,8.8,149.1
125,2022,Pat Freiermuth,TE,PIT,12.5,12.2,6.1,15.5,3.2,-,15.5,9.7,BYE,7.6,15.9,6.9,10.6,12.3,-,13.6,6.6,0,9.9,148.2
126,2022,Cole Kmet,TE,CHI,0,0,6,4.6,8.5,2.5,5.2,9.1,22,23.4,6.5,5.7,13.2,BYE,6.5,7.7,10.7,15.7,8.7,147.3
127,2022,Jonathan Taylor,RB,IND,27.5,7.3,12.1,3.3,-,-,15.5,5.6,-,24.3,16.4,18.8,13.3,BYE,2.3,-,-,0,12.2,146.4
128,2022,Nick Folk,K,NE,1,5,10,6,18,8,2,21,17,BYE,4,15,4,11,13,0,6,5,8.6,146
128,2022,Eddy Pineiro,K,CAR,6,10,12,6,10,5,3,9,3,16,3,12,BYE,13,12,14,7,5,8.6,146
128,2022,Tyler Bass,K,BUF,8,12,5,11,8,6,BYE,10,7,13,23,10,7,9,6,3,3,5,8.6,146
131,2022,Taysom Hill,TE,NO,15.3,1.4,-,8.1,34.1,4.5,10.1,8.3,1.1,0.1,7.6,3,13.3,BYE,10.2,11.6,13.6,3.5,9.1,145.8
132,2022,Brandin Cooks,WR,DAL,15.2,9.4,4.2,18.7,6,-,8.6,11.3,BYE,8.2,10,11.1,-,-,-,13.4,7.9,21.6,11.2,145.6
133,2022,Graham Gano,K,NYG,1,17,15,10,10,6,11,8,BYE,7,0,11,9,2,12,14,8,4,8.5,145
134,2022,Dalton Schultz,TE,HOU,13.2,1.8,-,0,0,BYE,9.9,13.4,-,17.4,5.2,19.1,5.3,14.7,3.5,7.3,24.6,7.3,9.5,142.7
135,2022,Samaje Perine,RB,DEN,6.7,2,14.1,0,9.6,3.6,2.8,4.7,6.4,-,30.2,19.3,21.5,9.4,3.4,5.2,-,3.2,8.9,142.1
136,2022,David Njoku,TE,CLE,1.7,6.2,23.9,9.7,14.8,8.8,14.1,-,BYE,-,3.7,13.9,-,18.7,5.8,3.4,3.1,14.2,10.1,142
136,2022,Robbie Gould,K,FA,4,9,6,6,7,2,14,7,-,10,8,8,18,5,3,13,14,8,8.4,142
138,2022,Cam Akers,RB,LAR,0,8.2,10.1,1.3,3.3,-,BYE,-,0.3,2.2,6.1,3.7,19,9.3,13,34.7,14.3,15.8,9.4,141.3
139,2022,Dallas Goedert,TE,PHI,9,13.2,11.6,12.2,17.5,4.2,BYE,12.4,24,9.3,-,-,-,-,-,9.7,7.5,10.6,11.8,141.2
140,2022,Riley Patterson,K,DET,12,8,12,3,7,3,3,5,11,5,-,8,7,13,11,15,9,8,8.2,140
141,2022,Gerald Everett,TE,LAC,14.4,13.1,4.5,17.1,1.2,7.9,11.3,BYE,8.6,4.3,-,7.8,13,7.8,8.2,-,10.5,9.8,9.3,139.5
142,2022,Rachaad White,RB,TB,4.1,0.1,0,14.6,7.2,5.3,4.2,7.3,6.4,10.5,BYE,19.9,16.9,10.7,5.3,15.3,9.8,1.5,8.2,139.1
143,2022,Jacksonville Jaguars,DST,JAC,6,21,9,9,5,-1,1,5,5,6,BYE,5,-2,12,12,14,17,15,8.2,139
143,2022,Greg Zuerlein,K,NYJ,4,9,18,6,8,9,12,5,10,BYE,4,9,19,4,5,3,8,6,8.2,139
145,2022,Chase McLaughlin,K,TB,-,0,11,5,17,9,6,11,4,9,12,7,9,-,21,4,4,9,8.6,138
146,2022,Dawson Knox,TE,BUF,1.5,8.1,6.5,7,-,12.7,BYE,9,5.5,9.7,14,3.7,0,14.1,21.8,12.8,-,9.3,9,135.7
147,2022,Isiah Pacheco,RB,KC,12.2,0.6,0.9,6.3,0,3.8,4.3,BYE,1.9,6.2,10.7,15.6,16.2,12.3,8.7,10,12.9,12.4,7.9,135
147,2022,Jason Sanders,K,MIA,10,6,3,10,6,5,12,8,5,9,BYE,13,6,7,12,9,3,11,7.9,135
147,2022,Brandon McManus,K,JAC,11,12,5,5,11,13,4,3,-,4,14,4,14,4,8,9,7,7,7.9,135
150,2022,Juwan Johnson,TE,NO,6.3,8,0,6.3,2.3,8.1,20.2,3.4,12.2,15.4,13.7,0,-,BYE,22.7,1.9,11.2,3.1,8.4,134.8